label,performer_id,session_id,audio_valid,duration_ms,mean_speed,median_speed,max_speed,speed_variance,speed_p90,mean_acceleration,max_acceleration,acceleration_variance,peak_speed_position,movement_distance,direction
legato,aniketh,session03,1,1234.0269999951124,0.0012545383790066981,0.00029192942987584615,0.009488449336391303,7.623105579764072e-06,0.009078021291766792,3.967929738927325e-05,0.0003259339797346165,7.69663984282696e-09,0.7777777777777778,0.023836229201127265,-1
legato,aniketh,session03,1,1181.832999996841,0.0010898599777992503,0.0002179139979280723,0.009132984667111417,6.508501715770982e-06,0.0005997327483985843,3.637680608444796e-05,0.0003631905428986696,8.091774468829455e-09,0.1,0.022887059533784258,1
legato,aniketh,session03,1,1145.4322000071406,0.001448637013952893,0.0003368279418281251,0.01894367194748065,1.8424172797317208e-05,0.0005766918723095858,8.59758839134879e-05,0.0013129557337565802,7.254508115797802e-08,0.9333333333333333,0.04490774743253968,-1
legato,aniketh,session03,1,1146.2868999913335,0.00032112864815942967,0.0002817768340379626,0.0007670352922850501,2.6539036990832796e-08,0.0005602973750362879,4.9786205610219284e-06,1.3819891975818701e-05,1.623082443514397e-11,0.3076923076923077,0.008670473500304601,1
legato,aniketh,session03,1,1186.1493000015616,0.0009051908037402053,0.00027637545965092695,0.006333488465732663,3.219184816038186e-06,0.005578047346843784,3.291256319228393e-05,0.0003036882997332227,5.6013516000342895e-09,0.8235294117647058,0.016293434467323696,1
legato,aniketh,session03,1,989.7833000048995,0.0011486571022394797,0.00026148696689816126,0.007655928782271257,5.577911961398646e-06,0.007117945665607116,3.8103028709460154e-05,0.00031708356292102003,6.91585532820622e-09,0.3333333333333333,0.018378513635831675,1
legato,aniketh,session03,1,1053.9730999916792,0.0015643126459652394,0.00034660553924857683,0.010549164461143444,1.0555076760347364e-05,0.009069373720918084,5.637830633582731e-05,0.0004188978915085118,1.3529966072930364e-08,0.8571428571428571,0.023464689689478593,-1
legato,aniketh,session03,1,992.0272000059485,0.0002515901911559887,0.00023313429058800932,0.0006069336659061237,1.767951009776806e-08,0.0004702093195062485,2.3473409082215645e-06,7.991648248724169e-06,5.194799053592549e-12,0.5882352941176471,0.004528623440807797,1
legato,aniketh,session03,1,886.7011999934912,0.0002490920288851996,0.0002553196276065343,0.00042285255752912306,1.0331087076836183e-08,0.000391262797493955,1.970732819018139e-06,8.871468190830596e-06,4.873926079337227e-12,0.4666666666666667,0.0039854724621631935,1
legato,aniketh,session03,1,1730.434500001371,0.0020760183721837944,0.0002285267513851455,0.0154841467504479,1.6712042939941972e-05,0.007609523473691191,8.407299265744227e-05,0.000624125154167963,2.98241169674753e-08,0.7142857142857143,0.045672404188043476,-1
legato,aniketh,session03,1,939.8431999981403,0.004455989989880653,0.0007991645456750939,0.017847141519902826,3.342427567320365e-05,0.014867696086560927,0.00020134057431241107,0.0008601064682299389,6.352143489981619e-08,0.7692307692307693,0.062383859858329144,-1
legato,aniketh,session03,1,1017.6472999975085,0.002108265063413468,0.00034204961081100337,0.008529663003721863,1.100868093102775e-05,0.008488129420172652,8.186532893442418e-05,0.00047452624659331794,1.6092790536071062e-08,0.5294117647058824,0.03794877114144242,1
legato,aniketh,session03,1,930.2784999981523,0.004103831996325518,0.0002967230743851076,0.014555162018407576,2.5025054623640834e-05,0.011370418145853014,0.00016643772070959285,0.0006508601690878763,3.521646318964214e-08,0.5384615384615384,0.05745364794855725,-1
legato,aniketh,session03,1,255.72839999943972,0.00019695439651650772,0.00021406831158518768,0.00021412562781259682,3.371887776301781e-10,0.00021412562781259682,3.3058213299188287e-06,7.554774423229076e-06,8.153488816592338e-12,0.0,0.0007878175860660309,1
legato,aniketh,session03,1,869.0565000027418,0.00028915896796790437,0.0002726327041062116,0.0005378769466841287,1.3125660308130554e-08,0.0005043948343435233,2.6650647888824977e-06,9.169798107811122e-06,4.555777965103313e-12,0.4,0.00462654348748647,1
legato,aniketh,session03,1,591.153599999845,0.00023020406084894846,0.00019931275078761623,0.0005401477130939777,1.5467162921535633e-08,0.0003451453652383538,2.5724152002997656e-06,6.986802371884021e-06,4.158469271607623e-12,0.2,0.002532244669338433,-1
legato,aniketh,session03,1,694.5712000057101,0.00021101700903995433,0.0001626923873037182,0.00044794834380670944,1.3358796392242608e-08,0.00041996068106804125,2.80909901396058e-06,8.716832870865675e-06,6.733064164489481e-12,1.0,0.0023211870994394976,1
legato,aniketh,session03,1,430.5392000004649,0.00031217684520531936,0.0003515842057088059,0.000532555649770445,1.8466652218069884e-08,0.000532555649770445,5.6930064642459395e-06,1.641547145731609e-05,2.5889757740781513e-11,0.0,0.0018730610712319163,1
legato,aniketh,session03,1,749.5249000042677,0.00030848603395588705,0.000319372007301483,0.0005268215111047321,1.5253313440816058e-08,0.0004825908872664013,3.2561971092111342e-06,1.4166072672216765e-05,1.236859724225899e-11,0.5714285714285714,0.004627290509338306,1
legato,aniketh,session03,1,463.7609999999404,0.00031912117102833983,0.0002784122603079805,0.0006271234879119911,2.5871953103232726e-08,0.0006271234879119911,5.183962878350069e-06,1.1995715711018377e-05,1.1634067974234975e-11,1.0,0.0028720905392550585,-1
legato,aniketh,session03,1,400.2697000056505,0.00013695110025099924,0.00010191421028309463,0.0002356254282684055,2.969804283905101e-09,0.0002356254282684055,2.5209113501936315e-06,4.62731786870468e-06,1.458526771988138e-12,0.25,0.0006847555012549962,1
legato,aniketh,session03,1,1178.556599996984,0.00014818800777391042,0.00011737412294589801,0.0004740324440319937,1.063864547279e-08,0.0002572429486798477,2.442236265633618e-06,7.177292415936581e-06,5.726148822269967e-12,0.6923076923076923,0.0020746321088347458,1
legato,aniketh,session03,1,806.4950000047684,0.00021065806816906324,0.00019847690726541793,0.00035036029185293784,8.682702376336365e-09,0.00035036029185293784,3.1592416367185135e-06,1.141241586347579e-05,1.0141259470885806e-11,0.25,0.001895922613521569,-1
legato,aniketh,session03,1,841.1152000054717,0.00014690427651362024,0.00012342889804040552,0.0003006608300064934,4.2233362686237106e-09,0.00025265608902196106,1.9268539360934137e-06,4.34447394363388e-06,2.1673769555993357e-12,0.5454545454545454,0.001762851318163443,1
legato,aniketh,session03,1,682.7115999981761,0.0002851257547039742,0.0002854701875679093,0.0006155324303583963,1.509811094959061e-08,0.0004108511125386201,4.029162592368066e-06,1.2274900062719945e-05,1.259154219091427e-11,0.6428571428571429,0.004276886320559612,1
legato,aniketh,session03,1,2495.562900006771,0.00019456184851557987,0.00017131726224873611,0.0004950219475342998,1.480341776311709e-08,0.0004950219475342998,3.6544380645800114e-06,7.905676878212554e-06,6.161543484342869e-12,0.2857142857142857,0.001556494788124639,1
legato,aniketh,session03,1,515.5708999931812,0.00021986446282842755,0.00010976828924393423,0.0008301160540550559,5.080040705827484e-08,0.0008301160540550559,5.350222857772531e-06,1.9616160998155393e-05,3.989232515256247e-11,0.25,0.001978780165455848,-1
legato,aniketh,session03,1,1833.3461999893188,0.00015622642399686703,0.0001135754706628659,0.00048550301348021356,8.816502082246433e-09,0.00027625792038493935,2.235823829757427e-06,7.520585410306183e-06,4.543106625050708e-12,0.5263157894736842,0.0031245284799373404,1
legato,aniketh,session03,1,1959.4073999971151,0.00024377707839320936,0.00022738796975041702,0.0005545547832803183,2.5422823173781335e-08,0.0005545547832803183,3.977192219035262e-06,7.2664681483402776e-06,5.995893273909473e-12,0.5,0.0017064395487524655,1
legato,aniketh,session03,1,140.84950000047684,0.00028156123831226515,0.00023472750548870835,0.0004590042395481851,1.691273273767057e-08,0.0004590042395481851,6.498714559902267e-06,1.21019935870729e-05,1.6489139541786974e-11,0.5,0.0008446837149367955,-1
staccato,aniketh,session03,1,580.0729999989271,0.00030630189857820515,0.0002955280768172294,0.0005893865243795937,2.442250379145235e-08,0.0005893865243795937,6.498904541133274e-06,1.9420550680321845e-05,2.674004643362854e-11,0.0,0.0027567170872038462,-1
staccato,aniketh,session03,1,378.26230000704527,0.0001626511985618811,0.0001226611364587609,0.00024584685870680253,3.4624822120367945e-09,0.00024584685870680253,3.931633205256971e-06,6.286870051664594e-06,2.8071166721933923e-12,1.0,0.00048795359568564324,1
staccato,aniketh,session03,1,893.4935999959707,0.0003011253527401873,0.000300997690945945,0.00041855975627780366,9.183909030072036e-09,0.00041855975627780366,6.79290449067004e-06,1.4103131554983402e-05,2.672416489266393e-11,1.0,0.0009033760582205618,1
staccato,aniketh,session03,1,749.7543999999762,0.00028456006282742024,0.00021325948100456098,0.00048215488130425347,2.405345515837532e-08,0.00048215488130425347,7.271633463038457e-06,1.0995071564674973e-05,1.191561000860554e-11,1.0,0.0014228003141371012,-1
staccato,aniketh,session03,1,1106.415799997747,0.0001819216932926761,0.00022740219319203166,0.000241439446950393,3.74404520258692e-09,0.000241439446950393,4.4784741371684e-06,9.11013286398075e-06,8.400654179849054e-12,0.0,0.0007276867731707044,1
staccato,aniketh,session03,1,1398.2762999981642,0.00018942109850471385,0.00021569052755186712,0.00024415188054697183,3.415525200649917e-09,0.00024415188054697183,4.127557589909688e-06,9.363403842736943e-06,1.4005390625941166e-11,1.0,0.0005682632955141415,-1
staccato,aniketh,session03,1,353.06109999865294,0.00026546179288856333,0.0002876572650932793,0.0004532228571537777,1.480635976793869e-08,0.0004532228571537777,5.9067176211359615e-06,9.434575540880738e-06,6.8820164599029535e-12,0.0,0.0013273089644428165,-1
staccato,aniketh,session03,1,449.24769999831915,0.0001243272760395443,0.00011843921651084412,0.0002123975489580505,2.1827060104335316e-09,0.0002123975489580505,2.7977905098078732e-06,8.498895985957756e-06,9.405341231931085e-12,0.5,0.0006216363801977216,1
staccato,aniketh,session03,1,356.8227000012994,0.00020306264337812769,0.00018741407380847217,0.00032414465966323203,5.7605424564116945e-09,0.00032414465966323203,5.2997994993029376e-06,8.479962549417648e-06,5.847938835659247e-12,0.0,0.0008122505735125107,-1
staccato,aniketh,session03,1,478.3225999996066,0.0001900960134285355,0.00018111173840574686,0.0003038497271144243,5.170631023520578e-09,0.0003038497271144243,4.250270398331428e-06,7.630512571470866e-06,7.363075461963294e-12,1.0,0.000760384053714142,1
staccato,aniketh,session03,1,2352.179899998009,0.0004871284926572645,0.000370744608997605,0.0020786362215290716,1.7446565310635918e-07,0.0011104181695965893,2.29245966399413e-05,8.591942169582076e-05,3.98712262309083e-10,0.2222222222222222,0.022407910662234166,-1
staccato,aniketh,session03,1,768.8927999958396,0.0004665115904035831,0.000474874125575319,0.0010415743766634853,9.020254059365627e-08,0.0010415743766634853,1.0275301114839433e-05,1.7127977331365743e-05,3.1123036502081784e-11,0.125,0.004198604313632248,1
staccato,aniketh,session03,1,734.3861000016332,0.0003608677570372735,0.00019445694472199583,0.00089556670195706,8.809142220711294e-08,0.00089556670195706,9.860098108342068e-06,2.9079578984860046e-05,7.887978402746407e-11,0.0,0.0032478098133354614,-1
staccato,aniketh,session03,1,913.0246999934316,0.0004529420900758489,0.0002766193579699475,0.0009129900833069233,9.304497750883937e-08,0.0009129900833069233,1.0351134370827388e-05,2.2048623501235806e-05,4.3523792421727024e-11,1.0,0.0040764788106826405,1
staccato,aniketh,session03,1,736.1871000081301,0.0003406370615058137,0.0002757265663327585,0.0007115131938311635,3.524632810871353e-08,0.0007115131938311635,1.0627054505484753e-05,2.2462429989927303e-05,6.476144293139464e-11,0.0,0.0030657335535523235,-1
staccato,aniketh,session03,1,784.2154000028968,0.0003265267570363096,0.0003063963924153301,0.001010836979996196,8.064909717952718e-08,0.0008134770336316691,8.9281893378746e-06,2.6780255253403918e-05,3.664094413559402e-11,0.09090909090909091,0.003918321084435715,1
staccato,aniketh,session03,1,801.1081999912858,0.0004536891288537854,0.0003864340578145817,0.0012390701197229894,1.4249379270659477e-07,0.00109430214551174,1.1608066222587015e-05,3.792649960446392e-05,8.607971855066142e-11,0.0,0.005444269546245425,-1
staccato,aniketh,session03,1,797.1099000051618,0.0003848504050178438,0.00039316038204182584,0.0009121716437443338,1.0096388973183547e-07,0.0008440475876437726,8.963884659932689e-06,2.914081577698729e-05,5.13133720410398e-11,0.0,0.0046182048602141255,1
staccato,aniketh,session03,1,756.7409999966621,0.00030955609421754734,0.00018730757529092322,0.0009595352002286334,6.511547566412958e-08,0.0005818482103748121,1.744907396921664e-05,4.1857366473753615e-05,1.111161701589004e-10,0.0,0.0034051170363930206,-1
staccato,aniketh,session03,1,800.0351999998093,0.00037672535459903813,0.00034578910730604414,0.000812709139426897,6.536711981084998e-08,0.000812709139426897,8.065957243481689e-06,2.424492074712908e-05,7.476927662657645e-11,0.0,0.003013802836792305,-1
staccato,aniketh,session03,1,788.117499999702,0.00024042590617272445,0.000210697316030902,0.0005678200355655008,2.0423921759682393e-08,0.0005678200355655008,5.6202370962004875e-06,1.7568091297196445e-05,2.31236029433716e-11,0.0,0.0024042590617272446,1
staccato,aniketh,session03,1,860.13939999789,0.0005632313803780787,0.0006980216336907173,0.001176400206329113,1.1960873735606422e-07,0.001176400206329113,1.1072756230951043e-05,2.44720622526504e-05,7.572982400595258e-11,0.1111111111111111,0.0056323138037807875,-1
staccato,aniketh,session03,1,736.2056000009179,0.00025113092542114257,0.00020389620721575653,0.0006980382489653918,3.2082137540454186e-08,0.0005468958231287551,6.545812508798634e-06,2.1987741997848216e-05,3.6719517939792486e-11,0.0,0.0030135711050537106,1
staccato,aniketh,session03,1,1279.4601000025868,0.00046715543912032823,0.0004398979961372599,0.0015068445135954837,1.9055654282211425e-07,0.0015068445135954837,1.1481066795863876e-05,3.052833681067812e-05,1.173654173366267e-10,0.2222222222222222,0.004671554391203282,-1
staccato,aniketh,session03,1,816.445799998939,0.00046704035057017256,0.0004192966419017155,0.0011652847314418753,8.021670647985917e-08,0.0007544861391853866,1.0606636658981722e-05,2.7751546482462936e-05,4.675981529669436e-11,0.1,0.005137443856271898,1
staccato,aniketh,session03,1,671.9902000054717,0.000304126621754158,0.0003159556459173175,0.0006549930898704487,4.86031516155562e-08,0.0006549930898704487,8.924629580111205e-06,1.9911819437249842e-05,2.660007816646367e-11,0.14285714285714285,0.002433012974033264,-1
staccato,aniketh,session03,1,768.7259999960661,0.0006207240716330425,0.0005652870951578711,0.001501337928487824,1.4442034712982716e-07,0.001501337928487824,1.2443240859677332e-05,2.8071194798937617e-05,8.010262818169038e-11,1.0,0.005586516644697383,1
staccato,aniketh,session03,1,704.2985999956727,0.0002712243487316018,0.0001705088417859503,0.0006004935924879014,4.119293423354354e-08,0.0006004935924879014,1.021820319466833e-05,2.3802196352103136e-05,4.4964775419852467e-11,0.875,0.002441019138584416,-1
staccato,aniketh,session03,1,768.0863000005484,0.0003596567224728191,0.0003264072573944895,0.0007584584348498177,5.933177488413951e-08,0.0007584584348498177,9.803113923544717e-06,2.1835109855813326e-05,2.8588335051096934e-11,0.125,0.0032369105022553722,1
staccato,aniketh,session03,1,702.6965000033379,0.00040179221450006766,0.00029500526440958254,0.0009622778405608025,8.832578688999508e-08,0.0009622778405608025,1.0583107761507854e-05,2.566932028630038e-05,5.3031971981721575e-11,1.0,0.003616129930500609,-1
staccato,aniketh,session03,1,736.6885999962687,0.00044814382202634263,0.0004223085437087975,0.0007996810662644003,4.227527470958008e-08,0.0007996810662644003,1.1165566174462892e-05,1.877895534244758e-05,2.394919887379166e-11,0.8333333333333334,0.0031370067541843984,1
staccato,aniketh,session03,1,720.3423000052571,0.00036914257680069367,0.0002400940066726822,0.000958391117426765,7.914948387079403e-08,0.000958391117426765,7.922389796964065e-06,1.521622454220423e-05,2.0711725929730312e-11,1.0,0.0025839980376048555,-1
staccato,aniketh,session03,1,767.8368999958038,0.0002930989781694795,0.0002743962001736995,0.0006788603397305845,3.5216870528795895e-08,0.0006788603397305845,4.802673700723699e-06,1.3304602211354309e-05,1.0112562796244748e-11,1.0,0.002930989781694795,1
staccato,aniketh,session03,1,671.8875000029802,0.0003761141103964123,0.00041238173533840683,0.0007623142564676402,4.084278069856304e-08,0.0007623142564676402,9.853917367628876e-06,1.7871354308024955e-05,2.7307838848579232e-11,0.2,0.002256684662378474,-1
staccato,aniketh,session03,1,735.5133000016212,0.0002806323606687263,0.00021155915878196408,0.0006395727995042587,3.486931667486452e-08,0.000528602729213657,8.208348043505093e-06,2.0342896407008788e-05,4.6186091483621016e-11,1.0,0.0030869559673559893,1
staccato,aniketh,session03,1,767.7334000021219,0.00017959907578602778,0.00015624091790908995,0.000285874268397481,4.069872325841988e-09,0.000285874268397481,2.6415238085888052e-06,7.511177888613558e-06,4.7499771813504e-12,1.0,0.0017959907578602777,1
staccato,aniketh,session03,1,771.2308999970555,0.00022112598542792515,0.00018737826613969696,0.0005285728455090803,1.79317780847265e-08,0.0005285728455090803,5.2178260942227504e-06,1.1527244949542544e-05,1.351491489949367e-11,0.16666666666666666,0.001547881897995476,-1
staccato,aniketh,session03,1,809.1181000098586,0.0002451641783498791,0.0002514155360666104,0.0005756553644829329,1.9546556629086096e-08,0.0005756553644829329,4.446637322838649e-06,1.060258683040231e-05,1.004349917123761e-11,0.2222222222222222,0.002451641783498791,-1
staccato,aniketh,session03,1,799.1570999920368,0.00028961281667371934,0.00021688848591456045,0.0007059685921383702,3.181102307301951e-08,0.0004899884551449648,6.2045102161223195e-06,1.6741840043558692e-05,2.3219736051674552e-11,1.0,0.003185740983410913,1
staccato,aniketh,session03,1,1582.0319000035524,0.0002966746714908692,0.0002915059028235771,0.0006526233676778078,2.1223022511141563e-08,0.00041685107961875276,5.245161016283781e-06,1.1971298931622622e-05,1.4843812483994256e-11,0.18181818181818182,0.00356009605789043,-1
staccato,aniketh,session03,1,543.6142999976873,0.0003729313931757627,0.00026876866712576,0.0008134134591014714,6.779620222238327e-08,0.0008134134591014714,1.0356871245084265e-05,2.918744468887145e-05,1.3960351101560485e-10,0.6666666666666666,0.0026105197522303387,1
staccato,aniketh,session03,1,1505.1086000055075,0.00027601584169597226,0.0002791902379585937,0.0005713164699067861,1.7246251889439028e-08,0.0005713164699067861,5.810628436037798e-06,1.5723172133393814e-05,2.8714649193172605e-11,0.2222222222222222,0.0027601584169597224,-1
staccato,aniketh,session03,1,574.4461999982595,0.00025923089002668896,0.00020329841484294185,0.0007834366591502356,4.5537615913339845e-08,0.0007834366591502356,1.1017779114487203e-05,3.0843518025190075e-05,9.318217732574015e-11,0.2857142857142857,0.0020738471202135116,1
staccato,aniketh,session03,1,593.1253999993205,0.0002906256345563621,0.0002470642156959108,0.0005326714329894029,1.5707194090005425e-08,0.0005326714329894029,6.737464452256227e-06,2.0160921409764788e-05,4.412284736557341e-11,0.75,0.0026156307110072586,-1
staccato,aniketh,session03,1,1760.6327000036836,0.0003162285216319607,0.0002588498388972067,0.0012165972940584608,5.351895771683823e-08,0.0005612239734422218,5.5194307043840266e-06,2.8539806264889805e-05,4.894059507872919e-11,1.0,0.010119312692222743,1
staccato,aniketh,session03,1,558.4107999950647,0.0003048186654126267,0.0002405132552978205,0.0010868676031592732,8.569574038098572e-08,0.0010868676031592732,9.415108438255361e-06,3.552830332823046e-05,9.340287622778513e-11,0.875,0.00274336798871364,-1
staccato,aniketh,session03,1,608.9332000017166,0.0003321928066972151,0.00025558993285247617,0.0009361805251120461,6.308342663505752e-08,0.0009361805251120461,6.498345089686379e-06,1.3736126459680318e-05,2.036751027216495e-11,1.0,0.0026575424535777207,1
staccato,aniketh,session03,1,608.7104999944568,0.0004157030153782459,0.0002799700758076852,0.001088246773801137,1.3720889636833232e-07,0.001088246773801137,9.006366276589315e-06,2.266575180962394e-05,4.089417746492359e-11,1.0,0.003325624123025967,-1
staccato,aniketh,session03,1,1375.6824000030756,0.00041786619406149254,0.0004707876680207049,0.0009428510199089028,8.258123793407034e-08,0.0009428510199089028,1.0658067632979072e-05,1.7462032833063515e-05,2.212840956267637e-11,1.0,0.002507197164368955,1
staccato,aniketh,session03,1,641.7850000038743,0.00043426107026957176,0.00026982973966415915,0.0011758634305320185,1.4225648616739345e-07,0.0011128636105496423,1.2532851060615388e-05,3.406534155508462e-05,1.0678879752883053e-10,1.0,0.004776871772965289,-1
staccato,aniketh,session03,1,606.2620999962091,0.00030129100955839474,0.0002144749228936237,0.000802392706308368,5.4493648789777635e-08,0.00070752187578845,6.550447983848423e-06,1.610506666486391e-05,2.8722486530117226e-11,1.0,0.003615492114700737,1
staccato,aniketh,session03,1,644.3918999955058,0.0003463702348348852,0.00022043640016138449,0.0007915679758468394,7.354287899998519e-08,0.0007769193111613751,6.305702362811253e-06,1.7736422164605243e-05,2.3869078363938107e-11,0.9,0.0038100725831837373,-1
staccato,aniketh,session03,1,647.9457000046968,0.00038521920063215305,0.00037803245414066896,0.0009796293141763554,5.2608394293939766e-08,0.0009796293141763554,8.555473683908434e-06,2.0633459109073916e-05,5.369716405017945e-11,0.8888888888888888,0.0038521920063215305,1
staccato,aniketh,session03,1,648.3241999968886,0.00034277102298392104,0.00024401282988726863,0.0008371780283840829,7.375605770944688e-08,0.0008371780283840829,8.672404345013751e-06,1.598629344894917e-05,2.6323634885252372e-11,1.0,0.00342771022983921,-1
staccato,aniketh,session03,1,2720.298200003803,0.00027969331922068214,0.00022367900144500732,0.000607887109704338,3.1222406100396245e-08,0.000511055216933619,4.429802989478498e-06,1.0545961553204103e-05,9.510261802404235e-12,1.0,0.0030766265114275035,1
staccato,aniketh,session03,1,720.819200001657,0.00043764349298491893,0.00041520440366243526,0.0009474171835916253,5.2926798699213307e-08,0.0007190978501717701,8.772631449792892e-06,1.941316308164308e-05,2.508153211709353e-11,0.7272727272727273,0.005251721915819027,-1
staccato,aniketh,session03,1,495.1392999961972,0.00027682064301958267,0.00011653812359414756,0.0008510937546171364,6.7544840400322e-08,0.0008510937546171364,6.5584339777543545e-06,1.3293646532209783e-05,1.4610729536899118e-11,1.0,0.0019377445011370788,1
staccato,aniketh,session03,1,607.2613999992609,0.0005101359441689116,0.0005605361232950562,0.0007153571735191598,3.3334228602005155e-08,0.0007153571735191598,1.416750155445134e-05,4.0191608312834914e-05,1.4017025664774176e-10,0.75,0.004591223497520204,-1
staccato,aniketh,session03,1,1009.4087999984622,0.00026341837380510885,0.0002472079583383352,0.00042179819157565224,1.15334550843891e-08,0.000404168268000222,4.282235765240292e-06,1.337012900355134e-05,1.0587398100348357e-11,0.3,0.0028976021118561975,1
staccato,aniketh,session03,1,605.4259000048041,0.00043434794913826074,0.0004139094440779145,0.000983516394885421,1.1105150373583155e-07,0.000983516394885421,1.419296507639358e-05,2.8070423433251807e-05,7.756589549599099e-11,0.2222222222222222,0.004343479491382607,-1
staccato,aniketh,session03,1,674.1080999970436,0.00038794604973600033,0.0003922101172726613,0.000597180289334634,1.4027696129339493e-08,0.000597180289334634,5.55813338690175e-06,1.4792157451971249e-05,1.992276207398553e-11,0.1111111111111111,0.0038794604973600034,1
staccato,aniketh,session03,1,558.1508999988437,0.00042358421488862134,0.0003948072368849179,0.0010486612162032337,6.646357151302441e-08,0.0010486612162032337,8.40138542143395e-06,2.6847210999390793e-05,5.920216268795779e-11,1.0,0.0038122579339975923,-1
staccato,aniketh,session03,1,673.3673999980092,0.0003820194695679646,0.0003635077534517427,0.0007496721168673243,3.143287648679941e-08,0.0007496721168673243,7.98528772593263e-06,1.6355560342824077e-05,2.661181672382056e-11,1.0,0.0030561557565437166,1
staccato,aniketh,session03,1,736.4134000018239,0.00030986966391964745,0.0002081742326472787,0.0007766435649786868,5.854963848965808e-08,0.0006862679122725979,8.1600362312919e-06,1.971428748092073e-05,1.8273957008374718e-11,1.0,0.0037184359670357696,-1
staccato,aniketh,session03,1,641.1615000069141,0.0003156323954650585,0.00028312689841362493,0.0005780309375052905,2.178618397149193e-08,0.0005780309375052905,6.175601682142679e-06,1.684642282807775e-05,2.4525607906235665e-11,0.25,0.0028406915591855262,1
staccato,aniketh,session03,1,640.0477999970317,0.0003722359332417491,0.0002650299131635288,0.0008601173827903577,5.8313069334307784e-08,0.0007230216578030123,1.2446247073913243e-05,2.8630782647407564e-05,6.9224046608258e-11,0.0,0.00409459526565924,-1
staccato,aniketh,session03,1,639.7392999902368,0.0002582733927957047,0.00020425974798603735,0.0005101405986446254,2.4126569621556446e-08,0.00045812259024947407,3.848839175950532e-06,1.6084692045968797e-05,2.166747303789394e-11,0.1,0.002841007320752752,1
staccato,aniketh,session03,1,637.4734000116587,0.0004382688427657352,0.0004343912329049421,0.0010405906660474684,9.049294363054012e-08,0.0008457432188990966,1.122854313002931e-05,2.2956492705756313e-05,2.1224361325283473e-11,0.9090909090909091,0.0052592261131888226,-1
staccato,aniketh,session03,1,640.2785999923944,0.0004365400620029824,0.000349642131725755,0.0011471294276377715,9.161955127220016e-08,0.0011471294276377715,8.179081194950397e-06,1.8534716534621217e-05,3.976304767366575e-11,1.0,0.0034923204960238593,1
staccato,aniketh,session03,1,609.0080000013113,0.0003547334683276931,0.00017868168375500404,0.0008927914358082726,7.071449079036909e-08,0.0008927914358082726,7.674013826668261e-06,1.6981563923455505e-05,3.755048656404991e-11,1.0,0.003192601214949238,-1
staccato,aniketh,session03,1,619.746800005436,0.0002621658913372804,0.0001911442846664277,0.000678255217162122,3.16329677699661e-08,0.0004590104971906271,7.188984644845519e-06,1.710366274159399e-05,1.6033390010119447e-11,0.9090909090909091,0.0031459906960473643,1
staccato,aniketh,session03,1,611.7981999963522,0.00033109763038105083,0.0003807140745607848,0.0007086776412033074,4.5693093594500355e-08,0.0007086776412033074,5.909193942001189e-06,1.616898726065991e-05,2.0523911489414356e-11,0.2857142857142857,0.0026487810430484066,-1
staccato,aniketh,session03,1,737.1724000051618,0.00027545579504137906,0.0002728303857465544,0.0006906395747722248,2.5811554072582485e-08,0.000570204088605935,6.289496477228736e-06,1.5006520968997337e-05,1.8735754010218614e-11,0.9285714285714286,0.004131836925620686,1
staccato,aniketh,session03,1,575.8307999968529,0.0002907287964664023,0.00029055812060891663,0.0006180506871155265,2.7336343089121764e-08,0.0006180506871155265,8.118999631230762e-06,1.2813646326558428e-05,1.72114304393494e-11,0.14285714285714285,0.0023258303717312184,-1
staccato,aniketh,session03,1,671.3470999971032,0.0002761363978885334,0.0002152812026930465,0.0007281427765289369,2.7396993775738616e-08,0.0007281427765289369,5.48296015742417e-06,1.7795014085064717e-05,2.9029530167295636e-11,1.0,0.002761363978885334,1
staccato,aniketh,session03,1,586.1137999966741,0.0002861130906563533,0.00027479350461391734,0.0006243295637746414,3.10942138886316e-08,0.0006243295637746414,5.770413578798543e-06,1.5620962103460847e-05,2.278998618050716e-11,1.0,0.0022889047252508264,1
staccato,aniketh,session03,1,550.8792999908328,0.0003955197426139359,0.00040568426436453456,0.0008205840739155415,5.550335850676595e-08,0.0008205840739155415,9.785718259405439e-06,1.7783712969312257e-05,3.477964727431455e-11,0.14285714285714285,0.003164157940911487,-1
staccato,aniketh,session03,1,674.617100007832,0.0004048325519775021,0.0003729363483547079,0.0009668247897235321,7.29304617017297e-08,0.0009668247897235321,7.492178208690789e-06,1.4748983918209923e-05,1.5376349212601775e-11,1.0,0.004048325519775021,1
staccato,aniketh,session03,1,574.4375,0.0002440201283718759,0.00018621201419767317,0.0007124641958752804,3.3190079618368055e-08,0.0007124641958752804,7.426275295733172e-06,2.4104427181712087e-05,6.114646642275148e-11,0.0,0.002196181155346883,-1
staccato,aniketh,session03,1,638.5640000030398,0.0003542556648650863,0.0003151338002865193,0.0010110870997734433,6.778610484193304e-08,0.0010110870997734433,5.889080173615718e-06,1.3807111679476256e-05,2.137491731624483e-11,1.0,0.003542556648650863,1
staccato,aniketh,session03,1,575.7910999953747,0.00024998616977782494,0.00012524455971292048,0.0005506785539759319,3.37000641292582e-08,0.0005506785539759319,6.351342465776826e-06,1.717992843250663e-05,3.5872466135529675e-11,0.0,0.0012499308488891248,-1
staccato,aniketh,session03,1,670.0886000022292,0.00023968326337279414,0.00023034266727859596,0.0005789852610087791,2.1275138099764653e-08,0.0004846433944604067,5.4916013896445285e-06,1.862952875138376e-05,2.5098803240353612e-11,0.0,0.003355565687219118,1
staccato,aniketh,session03,1,624.29319999367,0.00034487950563313733,0.0002869614233635316,0.0007625416831470185,5.131051295200142e-08,0.0007625416831470185,8.088112600576952e-06,1.786345727699373e-05,3.764528817322956e-11,1.0,0.0034487950563313733,-1
staccato,aniketh,session03,1,641.0731000080705,0.0003235190536782832,0.00028054993419418273,0.0008507785641603663,4.3642574374518767e-08,0.0005937031174810721,6.298587660227411e-06,1.6801290055930904e-05,2.7841312642991978e-11,0.9,0.0035587095904611155,1
legato,aniketh,session03,1,1461.0457999929786,0.0002636060114516462,0.00027698203622079497,0.0004901732025090381,2.3904950994513154e-08,0.00045864962913734757,5.174790568554984e-06,1.540620941859416e-05,1.7790861569182072e-11,0.0,0.003163272137419755,1
legato,aniketh,session03,1,795.366700001061,0.0004442004072089995,0.00043843209503333346,0.0009877256827151547,5.7138740425966255e-08,0.0007649502712777537,8.612054650442659e-06,2.4445692069013016e-05,4.2460686689846526e-11,0.3125,0.0075514069225529916,-1
legato,aniketh,session03,1,800.1872999966145,0.0004135410485476601,0.00042861794999078965,0.0010865561604178075,5.750323134787616e-08,0.0006267588411734561,7.984123540135966e-06,2.7607697789179945e-05,5.00402522306554e-11,0.07692307692307693,0.005789574679667241,1
legato,aniketh,session03,1,816.3751000016928,0.00032648492040600227,0.00033936291829638507,0.0009188434429336474,4.4895240563196207e-08,0.0006144805250895084,6.183712331882828e-06,1.945128142707021e-05,3.110475344202323e-11,0.16666666666666666,0.006203213487714044,-1
legato,aniketh,session03,1,830.4654000028968,0.00035418421304081883,0.00031901438134639175,0.0008139496896448741,3.131489714408663e-08,0.0006282737654223175,6.506579966763436e-06,1.8694519934105028e-05,3.289395795068355e-11,0.3333333333333333,0.006729500047775558,1
legato,aniketh,session03,1,846.6429999992251,0.00031177988008869114,0.00026243951081665286,0.0007010285576433932,3.518179780926789e-08,0.000608114131841836,5.988530871648254e-06,1.3449113698062041e-05,1.9941122505089393e-11,0.5,0.005300257961507749,-1
legato,aniketh,session03,1,857.3830999955535,0.0003082145994176187,0.0002237185431743191,0.0009217698283147598,4.654305174500095e-08,0.0006418974390405753,8.865260260717516e-06,3.4563424772942014e-05,6.602739755707784e-11,0.14285714285714285,0.006780721187187612,-1
legato,aniketh,session03,1,800.8394999951124,0.00028761916663718357,0.0002991767076372141,0.0005018932681226656,1.5485669126270226e-08,0.00048503705908102773,4.696123067194717e-06,1.3186227340668804e-05,1.1283605182828586e-11,0.2222222222222222,0.0054647641661064875,1
legato,aniketh,session03,1,910.1658000051975,0.0003078831650983669,0.00030904507207564155,0.0006945050867894346,2.2390992845070097e-08,0.0006054608414987579,6.142961732353061e-06,2.2017166184961333e-05,2.835276286642174e-11,0.0,0.005541896971770604,-1
legato,aniketh,session03,1,705.401399999857,0.0004230112770920899,0.0003972160534075061,0.0010330695448412754,7.30023644223162e-08,0.0009513601113284273,8.309937916312764e-06,2.0371469849557636e-05,3.462092613468893e-11,0.375,0.007191191710565528,1
legato,aniketh,session03,1,673.5908999964595,0.0004914113191606988,0.000528832583530676,0.0011645022902870836,8.902648606320579e-08,0.0008543600034504426,7.555204846589052e-06,2.14317398158293e-05,3.571402529144528e-11,0.4,0.007862581106571181,1
legato,aniketh,session03,1,672.5531999990344,0.00028566853225594525,0.00019641619556361018,0.0007501206322798805,3.878072123032896e-08,0.0005470847525610583,6.987148178717198e-06,1.9806840570700162e-05,2.9853115054833435e-11,0.46153846153846156,0.0039993594515832336,1
legato,aniketh,session03,1,799.9513999968767,0.00027001377440676055,0.00028108923614306674,0.00046044252099118057,1.0938189646719097e-08,0.0004279872773275348,4.613368301037959e-06,1.0314305740237333e-05,7.886479360323388e-12,0.5789473684210527,0.005400275488135211,-1
legato,aniketh,session03,1,750.6508000046015,0.00025340880772893907,0.0002834974154281602,0.0004827924872232255,1.4715629362320812e-08,0.00046742577468090796,5.650117831405361e-06,1.2079716580156314e-05,1.4520696133452911e-11,0.5,0.004814767346849842,1
legato,aniketh,session03,1,848.6900999993086,0.0002475053508596485,0.00024757613452533776,0.0004618450749934401,7.191542863031915e-09,0.0003535963452682829,3.6340434091444573e-06,1.3129427270052329e-05,8.87049261132637e-12,0.5555555555555556,0.004702601666333322,1
legato,aniketh,session03,1,800.4791999980807,0.0004257975293566662,0.00042347978965037535,0.0009549284613165881,5.4329666626505084e-08,0.0007290531194225095,1.1197907790076174e-05,5.6780549363790016e-05,1.8009903631249094e-10,0.3684210526315789,0.008515950587133324,-1
legato,aniketh,session03,1,670.663699992001,0.00037791601817503597,0.00044416579635487956,0.0006657363028336796,3.713961368662857e-08,0.000638179325367753,5.151216233519491e-06,1.4416744576184233e-05,1.3874646863103252e-11,0.17647058823529413,0.0068024883271506475,-1
legato,aniketh,session03,1,960.3784999996424,0.00034774088946796524,0.0003755944291968255,0.0006398870600684381,2.740040331956992e-08,0.0005585396484769817,5.081712581548151e-06,1.312138451261091e-05,1.423857354989443e-11,0.4090909090909091,0.0079980404577632,1
legato,aniketh,session03,1,674.7650999948382,0.00032742471682872034,0.00026651650987315217,0.0006391205243569269,3.811023702494178e-08,0.0006294935831091221,5.754915879749407e-06,1.6135041479232518e-05,1.9887865426797945e-11,0.5,0.004911370752430805,1
legato,aniketh,session03,1,751.408100001514,0.00026636900428091,0.00022851767355921862,0.0005303999565038252,1.5066124253331885e-08,0.0004968737795124961,5.208534625834491e-06,1.2043361104802369e-05,1.5594171929947873e-11,0.9444444444444444,0.00506101108133729,1
legato,aniketh,session03,1,862.898800007999,0.00026600666059862035,0.00026122654384406227,0.0005122647720697572,1.4608784919699996e-08,0.00047088909335707115,4.765190377176302e-06,1.388128501257611e-05,1.177692015149793e-11,0.35294117647058826,0.004788119890775167,1
legato,aniketh,session03,1,846.9710000008345,0.0003084761636732359,0.0003304679641837191,0.0005183003206606901,1.4789764181897887e-08,0.00046781869042369635,4.3443583719283466e-06,1.0333146288322792e-05,9.687995261196556e-12,1.0,0.006169523273464718,-1
legato,aniketh,session03,1,707.8253999948502,0.00035621037550348733,0.00038634366634531214,0.0006850377445761292,2.9578911856806236e-08,0.0006208528549718241,5.501502699585624e-06,1.591019832192915e-05,2.1760213369317662e-11,0.2857142857142857,0.00534315563255231,1
legato,aniketh,session03,1,876.7585999965668,0.0002490925754726326,0.0002288730589738144,0.000667505336445868,2.1229751195128514e-08,0.0004576186154321603,4.9066577611922896e-06,1.5916840014253185e-05,2.1886860592288417e-11,0.14285714285714285,0.0054800366603979175,-1
legato,aniketh,session03,1,623.7168000042439,0.00032444794816012946,0.00034253650084039504,0.0006010627247485796,2.299062695513073e-08,0.0005847799897103762,5.3698656758636595e-06,1.3130673732576247e-05,1.4108636600418219e-11,0.13333333333333333,0.005191167170562071,1
legato,aniketh,session03,1,639.3511999994516,0.00034995712747015235,0.00031017334814077176,0.0006905524125848299,3.281850106076274e-08,0.0006309240602969398,7.195718883685924e-06,1.5753039750664423e-05,1.6572326955450075e-11,0.75,0.00594927116699259,-1
legato,aniketh,session03,1,916.0423000007868,0.00040036764616125796,0.0003822105001154973,0.0008815815383423439,5.175936835778433e-08,0.0007255253439642847,4.707577324466562e-06,1.2808619263979664e-05,1.5347830771124875e-11,0.47619047619047616,0.008808088215547676,1
legato,aniketh,session03,1,574.1613999977708,0.0003094231347044067,0.00028459257340570786,0.0006690472329626982,2.1122974666298068e-08,0.0005344914858894069,6.344634695868395e-06,1.573675711144497e-05,1.8102029890167695e-11,0.06666666666666667,0.0049507701552705076,-1
legato,aniketh,session03,1,724.1683000028133,0.00026536702433869623,0.0002448623298608363,0.0007004081912187482,2.5090153913483943e-08,0.0005911260826047325,4.9456795698296356e-06,1.6871555546650988e-05,2.5288546409230597e-11,0.13333333333333333,0.00424587238941914,-1
legato,aniketh,session03,1,701.1202000007033,0.0002958566136848511,0.000263846496515913,0.0009435212087961237,4.438147243519423e-08,0.0006134502922262337,6.5820764373592885e-06,2.4387829464217575e-05,2.9745072270952774e-11,0.3888888888888889,0.005621275660012171,1
legato,aniketh,session03,1,799.5847999975085,0.00036465722881978186,0.0003583057851753121,0.0007338039381681421,2.640537100095316e-08,0.0005973640194139697,6.7431720495801615e-06,1.6824281080252322e-05,2.5049169314531753e-11,0.0,0.005469858432296728,-1
legato,aniketh,session03,1,671.0848999992013,0.0003095902014053966,0.0003141171283117276,0.000645873166888268,1.976065055408547e-08,0.00043367661118148923,4.8612381794097495e-06,1.3543784371296542e-05,1.488616491099602e-11,0.46153846153846156,0.0043342628196755524,1
legato,aniketh,session03,1,768.3355000019073,0.00025710035768374847,0.00029539376799737394,0.00046346900652646924,1.2615366440439808e-08,0.0004031716357057067,4.893691141244468e-06,1.3887566643758497e-05,2.018225501158481e-11,0.0,0.0038565053652562273,-1
legato,aniketh,session03,1,672.6600999981165,0.0002383513311056676,0.00023889732060960696,0.00041561590532972843,8.747569362544168e-09,0.0003618594134353797,4.053172219214809e-06,1.4591458170695163e-05,1.4523392784614152e-11,0.5833333333333334,0.003098567304373679,-1
legato,aniketh,session03,1,815.550499998033,0.0002784475569894182,0.00024909213009616395,0.0006180676679155551,1.9477811489365632e-08,0.0005887933191730391,5.771244545143377e-06,1.3307879562715913e-05,1.2476787457959672e-11,0.5,0.00473360846882011,1
legato,aniketh,session03,1,705.3712000027299,0.00026471136136366175,0.0001903885553975218,0.0006222725205649022,2.6831451746713034e-08,0.0005315710773439444,4.605032574536942e-06,1.0837911798099988e-05,1.210171257866925e-11,0.2,0.004235381781818588,-1
legato,aniketh,session03,1,798.6840999945998,0.00027867152213060836,0.0002936280312024127,0.0004010340794407941,8.378112516722293e-09,0.0003877516149754886,3.192549814006202e-06,1.1221892960568583e-05,9.740374991429763e-12,1.0,0.004458744354089734,-1
legato,aniketh,session03,1,674.2314999997616,0.0002922542957058419,0.0002514470155330555,0.0006085460128270173,2.509350233876126e-08,0.0005680654038023979,4.955905757760812e-06,1.642207832649573e-05,1.8630061724839834e-11,0.26666666666666666,0.0046760687312934705,1
legato,aniketh,session03,1,737.7106999978423,0.00025461241157687846,0.0002464036609670881,0.0004988132898364078,1.3860621031947364e-08,0.00043869728022443154,3.733369670263986e-06,8.60171641374903e-06,7.1966844957581045e-12,0.11764705882352941,0.004583023408383812,-1
legato,aniketh,session03,1,1007.383299998939,0.00029797951904468915,0.0003087914128214651,0.0005018786472187942,1.4368459059327964e-08,0.0004881395224377738,5.57634506141028e-06,1.5954305365633316e-05,2.2209831536507458e-11,0.2631578947368421,0.0059595903808937825,-1
legato,aniketh,session03,1,912.7136000022292,0.0002760347762456866,0.0003100526071076798,0.00054500534232667,1.493981070417232e-08,0.0004315204582971036,3.923921785561814e-06,1.224811396545017e-05,1.1219150856464753e-11,0.23809523809523808,0.006072765077405105,1
legato,aniketh,session03,1,1006.9171000048518,0.000286249336453242,0.00021597945686131485,0.0006648299295573529,3.1369387085590584e-08,0.0005667070577716615,7.505307233797395e-06,1.7452250731726547e-05,2.4555339000965256e-11,0.35,0.006011236065518082,-1
legato,aniketh,session03,1,953.1564999967813,0.000282821939934941,0.00025683059410698425,0.0005245433659234913,1.628010669231559e-08,0.0004623324578424943,4.6960238570335155e-06,1.0469734262186184e-05,9.214088335047592e-12,0.25,0.005939260738633762,1
legato,aniketh,session03,1,944.6269000023603,0.0002963659454570162,0.00028159683602789037,0.000778607678406903,2.455398991965443e-08,0.0004321328523615371,4.800658945925413e-06,1.6011991809770308e-05,1.7173806548675076e-11,0.25,0.00622368485459734,1
legato,aniketh,session03,1,975.2883000075817,0.00034736798913648036,0.0003517100838394832,0.001032860687156391,4.684103171479653e-08,0.0005294762464757184,5.765235018666642e-06,1.6644125867988858e-05,1.749119714038997e-11,0.16666666666666666,0.0065999917935931265,1
legato,aniketh,session03,1,1006.3679999932647,0.0002795719352416673,0.0002633423392946279,0.0005110746564872519,1.3708252894444502e-08,0.0004933057995313954,4.708453350798035e-06,1.6606848432161942e-05,1.7454509601107263e-11,0.058823529411764705,0.0050322948343500115,-1
legato,aniketh,session03,1,896.7097000032663,0.0003072017408846474,0.00029841090811097513,0.0007972175202500746,3.469971995875241e-08,0.0006099138253218058,6.55627773871908e-06,2.093110692210489e-05,2.3811789214524447e-11,0.2222222222222222,0.005836833076808301,-1
legato,aniketh,session03,1,912.643700003624,0.00027557426762892385,0.00023035166203206893,0.0008290729712266066,3.181765223102421e-08,0.000477173167036783,6.986362250631562e-06,2.6308752238188213e-05,6.012315858114523e-11,0.0,0.0038580397468049336,-1
legato,aniketh,session03,1,1039.5055999979377,0.0002406888872253318,0.00018923698202389993,0.0005655360374870171,1.7824667569279447e-08,0.000554550280806406,4.701232756794159e-06,1.293343484515163e-05,1.3375317597591586e-11,0.21052631578947367,0.004813777744506636,1
legato,aniketh,session03,1,1744.2882999926805,0.0002289306070959724,0.00017783823624267659,0.00052951458065458,1.4925186954437254e-08,0.0004124071113214538,5.348086613016113e-06,1.3033655646197904e-05,1.950735213026932e-11,0.4782608695652174,0.0054943345703033376,-1
legato,aniketh,session03,1,1710.0133000090718,0.00016092364833664892,0.00012534596711356172,0.00039618743289017254,5.703577843573874e-09,0.0002596837755209157,3.7380507754606873e-06,1.5536803765041267e-05,1.7506313664244544e-11,0.13333333333333333,0.004988633098436117,1
legato,aniketh,session03,1,2015.6572999954224,0.00018571321183933468,0.00015393150149872276,0.00041958105500688217,7.832025600036237e-09,0.0003089698153020106,2.9218953349339395e-06,8.725717813684071e-06,5.4778440023403705e-12,0.20588235294117646,0.006499962414376713,1
legato,aniketh,session03,1,1504.3581000044942,0.00018429891222886764,0.00018320458101739396,0.00037896292152776446,6.40463318566752e-09,0.0002773967405205739,2.4060449869307713e-06,6.99444901425686e-06,4.625319392549208e-12,0.44,0.004791771717950559,-1
detache,aniketh,session03,1,2320.5538000017405,0.000298060286436495,0.00026045313565736393,0.0006160384857228013,2.4721545022390772e-08,0.0005711991159794264,6.068844312469131e-06,1.801583061212457e-05,2.3948660748775145e-11,0.64,0.00774956744734887,-1
detache,aniketh,session03,1,896.409500002861,0.0002896398008179629,0.00023346799213427307,0.0006306989952257448,3.1576895995080365e-08,0.0006190661308883161,4.8473736014041455e-06,1.5603690927452654e-05,1.701799473404102e-11,0.2857142857142857,0.004344597012269444,1
detache,aniketh,session03,1,943.7670000046492,0.0003593244093834468,0.00031144013158753613,0.0008232144661073254,4.727211115226325e-08,0.0007466430046813,8.077792665418938e-06,1.90318677791769e-05,3.714701673867123e-11,0.14285714285714285,0.005389866140751702,-1
detache,aniketh,session03,1,975.7695999890566,0.00033950624248591676,0.0002834805434844083,0.000853941451730096,3.8004816860775504e-08,0.0005967578757990967,6.469507406511221e-06,1.612592457991216e-05,1.837680015723989e-11,0.3888888888888889,0.006450618607232419,1
detache,aniketh,session03,1,976.7295000106096,0.0003441304582256925,0.00026978025490151397,0.0008438030941594383,5.714797080296147e-08,0.0006973706366408328,6.791766173568951e-06,1.4450737192878464e-05,2.2733401245877153e-11,0.05,0.0072267396227395425,-1
detache,aniketh,session03,1,910.8137999922037,0.00039153368957027524,0.0003715634091415052,0.001105465340264319,7.156972568336366e-08,0.0008714700947724123,8.162725956706969e-06,3.5514106187422414e-05,6.732752230441811e-11,0.0,0.007830673791405505,1
detache,aniketh,session03,1,896.923900000751,0.0005624073315993078,0.000628668188490904,0.0009787656517117915,6.951907881254152e-08,0.0008735656295443333,1.1661817166458954e-05,2.534788913293719e-05,4.83874075021717e-11,0.9230769230769231,0.00787370264239031,-1
detache,aniketh,session03,1,757.5401999950409,0.0003484353838092673,0.00038247304920389577,0.000888087538170885,4.78387051237959e-08,0.0006899789813235813,5.288833791041354e-06,2.26770214011481e-05,2.8523768860403927e-11,0.06666666666666667,0.005574966140948277,1
detache,aniketh,session03,1,1743.0697000026703,0.00029124200748613594,0.00021668626891725666,0.0012298745133732282,6.841245459284692e-08,0.0007139598354512392,7.142226331660681e-06,3.575072848015518e-05,8.173028078165817e-11,0.1111111111111111,0.008154776209611806,1
detache,aniketh,session03,1,1008.4804000034928,0.0003674036956958947,0.0003754639200854303,0.0006985202842754671,2.9517378773746697e-08,0.0006218175619495098,4.4130298465193294e-06,1.5960524305835577e-05,1.6356072427391062e-11,0.5,0.006980670218221999,-1
detache,aniketh,session03,1,854.3688999935985,0.0004068975839790401,0.000399582234640526,0.0010465054100394365,4.611220126334943e-08,0.0005615255490534336,6.901816073614313e-06,3.1723427880796754e-05,6.328745873553382e-11,0.38461538461538464,0.005696566175706561,1
detache,aniketh,session03,1,977.3649000003934,0.00033002549848090907,0.0003179468584461938,0.0008095158297352032,3.091937814230426e-08,0.0005442812013030177,5.362613078434076e-06,1.289977437796164e-05,1.3338075037293295e-11,1.0,0.0069305354680990906,1
detache,aniketh,session03,1,879.3989000022411,0.00026897863972448575,0.0002036718405179482,0.0007788691981605243,3.555088605973565e-08,0.00048009039777265045,6.612950066387724e-06,2.3275673227494606e-05,4.436113971242823e-11,0.0,0.003227743676693829,-1
detache,aniketh,session03,1,832.0348000004888,0.00035516724474005215,0.00036919120870307543,0.0007053790908478614,4.202725156598031e-08,0.0006642499600667361,5.773257832952449e-06,1.5342706030609068e-05,1.870115518608499e-11,0.26666666666666666,0.0056826759158408345,1
detache,aniketh,session03,1,1072.7886999994516,0.00035179622008580904,0.0003096203329717158,0.0010353616467367723,6.071276555913093e-08,0.0006952590175105339,6.888874289455812e-06,4.016145533158006e-05,7.573373787252055e-11,0.19047619047619047,0.007739516841887798,-1
detache,aniketh,session03,1,976.6520000100136,0.0003514162304898352,0.00027752063690686336,0.0009056109551746611,4.779916460605511e-08,0.0006961297828325225,6.430912106278639e-06,2.1030235745515313e-05,2.0913337654415692e-11,0.9375,0.005974075918327198,-1
detache,aniketh,session03,1,877.9738999903202,0.00032189838862463533,0.00024703569816863195,0.0008717753797215563,4.190958159338933e-08,0.0005811508411648683,6.525323105493745e-06,1.9772543905737303e-05,3.2127528687749024e-11,0.3125,0.005472272606618801,1
detache,aniketh,session03,1,976.1004000082612,0.0003672410688165317,0.00030496985146792187,0.0008546100308044146,6.711285121344346e-08,0.0007675572552491705,7.306833978146665e-06,2.256486009873879e-05,3.71572541822443e-11,0.23076923076923078,0.005141374963431444,-1
detache,aniketh,session03,1,895.63939999789,0.0003842527494083509,0.0003324940660053359,0.0007376395631158372,3.681479215348537e-08,0.0006855828959779146,8.881408551982416e-06,3.182020079045711e-05,7.774475966829254e-11,0.14285714285714285,0.005763791241125263,-1
detache,aniketh,session03,1,879.9272999987006,0.00036286789116794327,0.00035864334864129396,0.000816839489357917,4.693470789237228e-08,0.0007630461191354559,5.0057004789515005e-06,1.2378888540628816e-05,1.2508530431852857e-11,0.3125,0.006168754149855036,1
detache,aniketh,session03,1,881.9138000011444,0.0003613742203537519,0.00026977450268655056,0.0008108563814881023,5.399923617566506e-08,0.0007489163661216626,5.709749811735143e-06,2.616796877940325e-05,4.364774520970505e-11,0.0,0.005059239084952526,-1
detache,aniketh,session03,1,894.2641999945045,0.000295142483536415,0.00032427656020838204,0.000895320606460111,4.4248569016197665e-08,0.000600332722469004,6.037170484305131e-06,2.9386119474676086e-05,4.513197113492926e-11,0.3684210526315789,0.005902849670728299,1
detache,aniketh,session03,1,879.4079999998212,0.0003128757779563953,0.00025089222236091235,0.0009686903623202006,4.994816812790078e-08,0.000668961207871498,7.890628442188507e-06,2.30903597253196e-05,5.2639414823596054e-11,0.06666666666666667,0.005006012447302325,1
detache,aniketh,session03,1,1009.2982000038028,0.00037706238272089984,0.0003480865834340617,0.0010509021442013245,5.8305717421890566e-08,0.0006540000273757082,5.3020177284906575e-06,2.2117311628411053e-05,2.7546161805290452e-11,0.05555555555555555,0.007164185271697097,-1
detache,aniketh,session03,1,702.7297999933362,0.0003322554211817405,0.0003185402741701383,0.0013085836345806605,1.0235419440156577e-07,0.0004288300479342503,9.515066613985593e-06,3.6649614400436026e-05,1.3409385221055278e-10,0.09090909090909091,0.003987065054180886,1
detache,aniketh,session03,1,896.0298999994993,0.0003808722852815626,0.0002957195532198141,0.001022495274847492,7.411792451252637e-08,0.0009586912997174447,8.598790287419159e-06,2.4118924645088484e-05,4.080543188845752e-11,0.2,0.006093956564505002,-1
detache,aniketh,session03,1,829.0412999987602,0.0004975553775365758,0.0005393209841488746,0.0011458505464613607,9.667279599175649e-08,0.0008203789342193873,1.423715207494353e-05,3.915483371387763e-05,1.463543387265395e-10,0.0,0.0059706645304389095,-1
detache,aniketh,session03,1,847.9824999943376,0.00037699525975305,0.00036490222579169324,0.001007899909287628,5.9320991358385344e-08,0.000693135649433287,6.918689162884947e-06,2.6496892138692767e-05,5.539944176528098e-11,0.07692307692307693,0.0052779336365427,1
detache,aniketh,session03,1,880.6380000039935,0.0005019502998672176,0.0003484302084119184,0.0009885455169886634,1.0977758899110263e-07,0.0009672638006162605,1.1021695942799754e-05,2.130205667023414e-05,6.08957595487102e-11,0.36363636363636365,0.006023403598406611,-1
detache,aniketh,session03,1,864.0747999995947,0.00038406900935382046,0.0003474001035177573,0.0009995825853229756,6.054091906494552e-08,0.0006733357817945208,7.435614128631797e-06,2.0832149636950258e-05,3.5362502575551415e-11,0.07142857142857142,0.005761035140307307,1
detache,aniketh,session03,1,911.7527000010014,0.0004264817749075746,0.00042063440886954556,0.00085380214285813,4.7642422295654606e-08,0.0007240254384505742,9.644604602601968e-06,2.201374407639005e-05,3.993028533567789e-11,0.9230769230769231,0.005970744848706045,-1
detache,aniketh,session03,1,734.8134000003338,0.00027133835530476845,0.0001886593530923559,0.0007924968385923341,3.8373831182759355e-08,0.00045557338704296443,6.136366270171783e-06,1.549149044917299e-05,1.8066786147870268e-11,0.08333333333333333,0.00352739861896199,1
detache,aniketh,session03,1,802.0408000051975,0.0002743729180567688,0.00016791376638822272,0.0009584493951480004,5.342006755237072e-08,0.0005935375170175886,6.111340203520476e-06,2.9244288750574693e-05,5.255898046220574e-11,0.0,0.004115593770851532,-1
detache,aniketh,session03,1,1008.3472999930382,0.00034097574149071603,0.000241178440992768,0.0011218309286174435,5.8763886441254455e-08,0.0005471201385127027,6.5171516825237415e-06,2.4246421491886472e-05,4.5638772850045086e-11,0.35714285714285715,0.00511463612236074,1
detache,aniketh,session03,1,862.7273999974132,0.00031618502256653455,0.00024912160011025477,0.0007619224356839136,3.895655514568433e-08,0.0006988398958563086,8.915219580498036e-06,3.137854468411532e-05,8.717315234709546e-11,0.0,0.005691330406197622,1
detache,aniketh,session03,1,912.485400006175,0.00035421841352451016,0.00036123878174519,0.000838352179591817,4.099477739146724e-08,0.0006157887685061274,6.3599327203848596e-06,1.164580294075555e-05,1.1006438209033941e-11,0.3076923076923077,0.004959057789343142,1
detache,aniketh,session03,1,945.5627999976277,0.00035839997743332234,0.000345620995938502,0.0006801248171090378,2.5150526701560123e-08,0.0005436534120782146,7.016397153185682e-06,1.5008010616251358e-05,1.8191311925543956e-11,0.3076923076923077,0.005017599684066513,1
detache,aniketh,session03,1,799.8253000080585,0.0003046929319097424,0.00026864689213921953,0.0007243297167969617,3.326631567488585e-08,0.000516753028998749,5.747548394126512e-06,1.406528317126056e-05,1.7218120413449088e-11,0.09090909090909091,0.003656315182916909,-1
detache,aniketh,session03,1,878.5531999915838,0.00032183524839226034,0.0002643078945699433,0.0007083206881898075,3.464765071001297e-08,0.0006604058824088637,6.94845443548523e-06,2.2435872533745706e-05,4.6174373089386544e-11,0.0,0.0051493639742761655,1
detache,aniketh,session03,1,845.699500001967,0.00043638030899773126,0.00034914516815907025,0.0012767008962692734,9.22764409236486e-08,0.0007857927616216559,1.0760374490908223e-05,2.9820501112245485e-05,8.576306240551783e-11,0.3333333333333333,0.005672944016970507,1
detache,aniketh,session03,1,846.4993000030518,0.00034368684314577266,0.0001805496158705743,0.0010252484239266265,1.0143350137074391e-07,0.0009698369808412887,1.5261258483324617e-05,5.444797524640472e-05,2.628245478483265e-10,0.25,0.0044679289608950444,-1
detache,aniketh,session03,1,1007.5827000066638,0.00033610697406386095,0.0003267426739332272,0.0006701980607163789,3.300153699752507e-08,0.0005831489461614644,4.894416650344987e-06,1.0484148252540466e-05,9.66588854782041e-12,0.14285714285714285,0.005041604610957914,-1
detache,aniketh,session03,1,801.1630999967456,0.0003041766735422587,0.00028303645769482217,0.0007297186833782077,3.095909751595281e-08,0.0007297186833782077,7.588053839449017e-06,2.2598626322800836e-05,5.1447115002834796e-11,0.0,0.0030417667354225874,1
detache,aniketh,session03,1,766.4098000004888,0.0003734371561855103,0.000324689761404663,0.0007048425644621864,3.9219003879144515e-08,0.0007022942046592791,8.59595799407904e-06,2.362328255161065e-05,3.787507330642437e-11,0.2,0.004107808718040613,-1
detache,aniketh,session03,1,702.5961000025272,0.0003964465456801126,0.0003929564392427031,0.000794689798738845,3.363963340526073e-08,0.0006732451649674317,9.094635624240067e-06,2.1745785336455405e-05,3.9998764078527436e-11,0.18181818181818182,0.004757358548161351,-1
detache,aniketh,session03,1,591.049899995327,0.00022060729665700844,0.0002051284027745172,0.0004794328326640916,1.1164632422436629e-08,0.000309298134746189,4.680177880056983e-06,1.4973058232620668e-05,1.4774902007303323e-11,0.0,0.002426680263227093,1
detache,aniketh,session03,1,817.2034000083804,0.00028321382369484946,0.0002446287844838651,0.0006007001220883037,2.2908697551048556e-08,0.000546144021572998,5.82214770417404e-06,1.653711892003538e-05,2.8773204479610295e-11,0.23076923076923078,0.003964993531727893,-1
detache,aniketh,session03,1,735.6559999957681,0.00030466088398178274,0.00023492287018446147,0.0006603597752536089,2.936218893755392e-08,0.0004978112220153468,6.074803494336671e-06,1.6677090158319873e-05,2.357052076491083e-11,0.16666666666666666,0.003960591491763176,1
detache,aniketh,session03,1,703.0072000026703,0.00030432151403154436,0.0003183385895109134,0.0007039498023094236,3.2846470092614383e-08,0.0005488125298502224,5.758535200828131e-06,2.2679306629353392e-05,3.811818753363653e-11,0.0,0.003651858168378532,-1
detache,aniketh,session03,1,850.00909999758,0.0003206738776844554,0.0002787272593660823,0.0006012373308259348,1.9314150652722764e-08,0.0004987746556587967,4.414053471124772e-06,1.1988833919015843e-05,9.764123586797946e-12,0.46153846153846156,0.004489434287582375,1
detache,aniketh,session03,1,801.0821999981999,0.000309655678873002,0.00023701832803018356,0.0007296421764917175,4.056388999270137e-08,0.0007009267043663214,7.2250186070296315e-06,1.5015804965834794e-05,1.6415569563045414e-11,0.16666666666666666,0.004025523825349027,-1
detache,aniketh,session03,1,1838.512000001967,0.00036508825149616456,0.00027512386333993123,0.0012929031553035012,7.130942377444915e-08,0.0007161862505016566,8.204340296410093e-06,3.9101726879759275e-05,7.905741940626163e-11,0.975,0.014968618311342748,1
legato,aniketh,session04,1,606.9986000061035,0.00027074925792380783,0.00028330255687864474,0.0005192025213328265,1.8209245840807556e-08,0.0005103359243112731,3.873349835224389e-06,1.299792079205373e-05,1.1388347123682919e-11,0.38461538461538464,0.0037904896109333093,-1
legato,aniketh,session04,1,639.9899999946356,0.0003673365512324736,0.00039016333282420804,0.000828571530012807,5.573274340183947e-08,0.0008164038854817365,7.799966062040156e-06,2.189143850505911e-05,4.232209054597166e-11,1.0,0.004408038614789683,1
legato,aniketh,session04,1,575.9394000023603,0.0002962444841843287,0.00022313206316946292,0.0005920315700036816,2.6563149603389028e-08,0.0005100886784631454,8.152413819729198e-06,1.374994702606194e-05,1.4139033857297814e-11,0.2,0.0032586893260276154,-1
legato,aniketh,session04,1,656.6075000017881,0.00025588435131155857,0.0002639039404622703,0.0004486007590169102,1.0209295263853948e-08,0.00032771389361410246,5.283359933972427e-06,2.5142540967106598e-05,4.673891693346244e-11,0.0,0.0028147278644271444,1
legato,aniketh,session04,1,544.2267999947071,0.0002593051969256588,0.0002802227167355572,0.00043911528202273396,1.1101575145853966e-08,0.00043911528202273396,4.27149226358984e-06,1.2309414470246208e-05,1.7586286018144745e-11,0.4444444444444444,0.002593051969256588,-1
legato,aniketh,session04,1,704.9192000180483,0.0002126484609072515,0.00017022484170533815,0.0004634033137733605,1.545649706218417e-08,0.0004634033137733605,5.42372398458815e-06,1.143265827190829e-05,1.6951098315384048e-11,0.8888888888888888,0.002126484609072515,1
staccato,aniketh,session04,1,465.1996000111103,0.00022294385334396347,0.0002391303393942243,0.00032204288897772876,5.093546090005113e-09,0.00032204288897772876,4.6435544178255785e-06,1.0924282088476703e-05,1.3039819063503631e-11,0.5714285714285714,0.0017835508267517077,-1
staccato,aniketh,session04,1,2287.868900001049,0.00027478078321965175,0.00018000625273343737,0.0010716730755021395,5.6749082539837365e-08,0.00036753971920724335,9.3375097947785e-06,7.703447111661094e-05,2.533893462524395e-10,0.9545454545454546,0.00631995801405199,1
staccato,aniketh,session04,1,592.8748999983072,0.00027421989640004433,0.0003557971292327908,0.00046821817331574555,1.8412374274355093e-08,0.00046821817331574555,6.385023189946831e-06,1.485205175013692e-05,2.6555272855473606e-11,1.0,0.0016453193784002659,-1
staccato,aniketh,session04,1,6799.310099989176,0.00020184074124615287,0.0001294514267221261,0.0009154437973231151,2.9337501988885612e-08,0.0004266393322870739,5.361967614364115e-06,2.0588268568680025e-05,3.183267852807706e-11,0.03225806451612903,0.006458903719876892,1
staccato,aniketh,session04,1,496.603900000453,0.00022189299017380827,0.0001807026428184809,0.00043262520379175524,1.3641536153651874e-08,0.00043262520379175524,5.980154086821586e-06,1.7992174084233353e-05,3.8648148963908696e-11,0.25,0.0011094649508690414,-1
staccato,aniketh,session04,1,544.0411000102758,0.00037557950103097654,0.00039802026150117506,0.0007034767633887109,4.4767272211001705e-08,0.0007034767633887109,1.0515672425071948e-05,2.1730354404997347e-05,2.7444789909244946e-11,0.0,0.0022534770061858594,-1
staccato,aniketh,session04,1,704.2608000040054,0.0002992862388773858,0.00018101811023416998,0.001070496080340605,9.032592536423059e-08,0.001070496080340605,9.446030050591629e-06,3.295913054332888e-05,1.2105421858987002e-10,0.0,0.0023942899110190865,1
staccato,aniketh,session04,1,607.7209999859333,0.00032814499596697604,0.0002592306037714689,0.0009361863554303485,6.846971865860818e-08,0.0009361863554303485,8.476388879167727e-06,2.8277510128378925e-05,6.921700035907843e-11,0.0,0.0032814499596697604,-1
staccato,aniketh,session04,1,766.0655999928713,0.0004474436682055455,0.0003379696290307484,0.0010528735399587465,6.694295101590596e-08,0.0010528735399587465,8.912183450122047e-06,3.465702671648059e-05,9.939786063337127e-11,0.0,0.0040269930138499095,-1
staccato,aniketh,session04,1,673.6055000126362,0.0004062290784469823,0.00037356124794405104,0.0006901764542229936,3.767012493081604e-08,0.0006901764542229936,6.27462742154882e-06,1.651181621009153e-05,3.217040069327686e-11,0.875,0.0036560617060228404,1
staccato,aniketh,session04,1,511.0020999908447,0.0002726598894100321,0.00020298841721686674,0.0007820756633383883,5.617901359686664e-08,0.0007820756633383883,1.0270092449581675e-05,2.5177405100376055e-05,8.955514903725493e-11,0.0,0.0016359593364601924,-1
staccato,aniketh,session04,1,736.2765000015497,0.00044972635361618756,0.00038669053150371086,0.0008918440798244673,6.53602536283202e-08,0.0008918440798244673,1.4660619662358188e-05,3.745751384800637e-05,1.43587713841895e-10,1.0,0.004047537182545688,1
staccato,aniketh,session04,1,1839.5533999949694,0.0004015864533946672,0.0002673046927529264,0.0009961908934317078,7.585073662419685e-08,0.0008508799533158009,9.600900642305048e-06,2.3916115495438594e-05,4.3078821570727706e-11,0.375,0.01003966133486668,-1
staccato,aniketh,session04,1,575.9369999915361,0.00035103745066579625,0.00043243924185536425,0.0005626564820966046,3.5705413596941265e-08,0.0005626564820966046,8.141712800401656e-06,1.7575270961607396e-05,2.4385837454859746e-11,0.0,0.00280829960532637,-1
staccato,aniketh,session04,1,607.2796999961138,0.0003771165792048956,0.0003042439403344601,0.0009488722577735236,7.643732837968486e-08,0.0009488722577735236,8.285857493258695e-06,1.625225546597534e-05,1.787292675679546e-11,1.0,0.0037711657920489563,1
legato,aniketh,session04,1,335.58530001342297,0.0006137241700634666,0.000631199475713845,0.0007052592542901993,6.855774351042975e-09,0.0007052592542901993,4.814995838892853e-06,8.18483536235544e-06,5.98856320543817e-12,1.0,0.0018411725101904,1
legato,aniketh,session04,1,512.5286999940872,0.0003742503622175124,0.0004602229466883289,0.000873852634331639,7.017923743877869e-08,0.000873852634331639,1.0111383060452695e-05,2.6932439782411577e-05,7.27877445396119e-11,0.0,0.0029940028977400992,-1
legato,aniketh,session04,1,527.9358000010252,0.00037701055148014323,0.00024055843558021505,0.0009040742173238662,7.814179298769939e-08,0.0008636530532170978,5.074910505160471e-06,1.6339378887465412e-05,2.1706434969920988e-11,0.08333333333333333,0.004901137169241862,1
legato,aniketh,session04,1,639.3471000045538,0.0004459287258921469,0.0004349864107220512,0.0013674482661495096,1.117103832400687e-07,0.0006726333124580798,1.0501245016870194e-05,4.271900814237821e-05,1.7116159590419204e-10,0.0,0.004905215984813616,-1
legato,aniketh,session04,1,575.7491000145674,0.0003087903408257482,0.00023413876683975226,0.0007897347513387848,4.3551962235013804e-08,0.0007897347513387848,1.1861173963904575e-05,2.410719249605133e-05,5.3262505339405147e-11,0.0,0.0027791130674317335,-1
legato,aniketh,session04,1,606.7780999988317,0.000326947416909213,0.00030269192461184353,0.0007679729469567204,4.058511270804823e-08,0.0007679729469567204,5.7352960985910985e-06,1.4411722089768692e-05,2.2828585081656547e-11,1.0,0.00326947416909213,-1
legato,aniketh,session04,1,639.1269000023603,0.00037050646545199367,0.00047871635726305406,0.0006987620250860127,4.422171158431397e-08,0.0006668920424157564,6.986843506382431e-06,1.650648614344906e-05,3.325548525125875e-11,1.0,0.004446077585423924,1
legato,aniketh,session04,1,514.3005000054836,0.0003893001616463242,0.00043740002584376084,0.0006344830184460694,2.7485764905570818e-08,0.0005703722174178777,6.788755747354658e-06,1.9264177338214833e-05,2.8018812530997805e-11,0.0,0.004282301778109566,-1
legato,aniketh,session04,1,608.9784000068903,0.00028805028125621193,0.00024813348548101573,0.0007231089802300486,2.414861430862982e-08,0.00039014726035791836,5.408188276135275e-06,1.6120318285755297e-05,2.1138578865044515e-11,0.09090909090909091,0.0034566033750745434,-1
legato,aniketh,session04,1,639.630700007081,0.0003631405626195794,0.0003487084142357551,0.0007810162667263067,3.837460778871441e-08,0.0006709507454691934,4.98565580918526e-06,1.6265557161024705e-05,1.6893609955556435e-11,0.06666666666666667,0.005810249001913271,-1
legato,aniketh,session04,1,670.4115000069141,0.0004346547025531278,0.00042950563374531653,0.0008743304364008857,4.813264793761135e-08,0.0007076249129828818,6.545372090387798e-06,2.2392130528027038e-05,3.196611420458004e-11,0.9285714285714286,0.0065198205382969165,1
legato,aniketh,session04,1,1133.9971999973059,0.00034402810392043955,0.000329875196723389,0.0007335595584151363,3.776044413474028e-08,0.000644257326144622,6.322576065190731e-06,1.7821574106367055e-05,2.961524105982821e-11,0.15789473684210525,0.006880562078408791,-1
legato,aniketh,session04,1,477.0323000103235,0.0004167102535585372,0.0004184756517575157,0.0007752108553997959,5.421088085267292e-08,0.0007720739337103416,6.232303093837551e-06,1.3249384033160198e-05,1.3813811956183374e-11,0.2727272727272727,0.005000523042702446,1
legato,aniketh,session04,1,784.6065999865532,0.00039224859646345295,0.0004239392777423189,0.0008138070401825531,3.221658507212509e-08,0.0005854662645675708,6.950963070694125e-06,2.6699618453476615e-05,3.2223041245662325e-11,0.0,0.007844971929269058,-1
legato,aniketh,session04,1,768.6235000044107,0.0003310227705882951,0.00033034909308878404,0.0007444370230643504,3.391356437798522e-08,0.0005790777527330173,6.049780434359341e-06,2.2931225856031798e-05,3.3512308020971384e-11,0.0,0.004634318788236131,-1
legato,aniketh,session04,1,670.2522000074387,0.0002444708067373587,0.0002132345887705298,0.0005922871602533809,1.3503424317606873e-08,0.00035200088839578694,4.88726211396604e-06,1.3733868494037723e-05,1.882477467497839e-11,0.5384615384615384,0.0034225912943230217,-1
legato,aniketh,session04,1,1520.432700008154,0.0002477562063181057,0.00021379044416739904,0.0005857932954180176,1.7957884554919203e-08,0.0005192681674707263,4.677547428201718e-06,1.3393419367857628e-05,1.3700878580675869e-11,0.1111111111111111,0.0047073679200440085,1
detache,aniketh,session04,1,671.1501999944448,0.0003546246651287951,0.00032330012210099083,0.0006307019173244078,2.178579021925087e-08,0.0006307019173244078,5.67940746855687e-06,1.259506883730922e-05,1.6539814556758217e-11,1.0,0.0031916219861591556,-1
detache,aniketh,session04,1,912.0937000066042,0.0003358255191558093,0.0003056487573784231,0.0012454591081369497,9.713445893875903e-08,0.0005413178601843839,8.316945619254957e-06,3.825731099539342e-05,1.1342348977648347e-10,0.0,0.004029906229869712,1
detache,aniketh,session04,1,912.3657999932766,0.00034444872629837064,0.00033670055819888056,0.0007172038876689945,4.862274271505231e-08,0.0006971819137364904,5.313855668617212e-06,1.7209369441644212e-05,2.5071101447481996e-11,0.23076923076923078,0.004822282168177189,-1
detache,aniketh,session04,1,1040.7680000066757,0.00042591318010566203,0.00038322353004923863,0.0009106442309757411,5.0678508420328694e-08,0.000774720508190481,5.976289213388522e-06,1.3449853392323594e-05,1.5431109970015837e-11,0.26666666666666666,0.0068146108816905925,1
detache,aniketh,session04,1,1103.17689999938,0.0003431689569554736,0.0002764696251701584,0.0009583331406018186,5.736157737500811e-08,0.0006958313427870356,8.238945292102613e-06,1.4704771198844e-05,2.1002889794757235e-11,0.125,0.005833872268243051,-1
detache,aniketh,session04,1,1313.2367999851704,0.0003597490606610621,0.00031497640068111786,0.000762059898938612,3.17678157225155e-08,0.0006571770152436326,7.5590116811297005e-06,1.5165701109994947e-05,1.921685939747838e-11,0.15789473684210525,0.0071949812132212415,-1
detache,aniketh,session04,1,910.9007999897003,0.000314626602530711,0.00028947456824533735,0.0007252574232534816,2.854804646065055e-08,0.000508572063699396,5.559519618870916e-06,1.5809039671362726e-05,2.4089974183150214e-11,0.1,0.003460892627837821,1
detache,aniketh,session04,1,1137.8360000103712,0.0003544612053725149,0.0003955307418131763,0.0006784985979205847,3.6784775715023e-08,0.0006167134633335373,6.09880931851023e-06,1.2312972474440874e-05,1.3678837049507032e-11,0.26666666666666666,0.005671379285960239,-1
detache,aniketh,session04,1,1295.4189999997616,0.0003803532747211843,0.0002939850282993799,0.0012530325007548062,7.196391891815919e-08,0.0006364049753657822,7.409858759540919e-06,2.9440488718855593e-05,5.5817975547711156e-11,0.17647058823529413,0.006846358944981317,-1
detache,aniketh,session04,1,911.2478000074625,0.00027471578369113724,0.0002524460526685621,0.0005495449936188315,2.2123516326403033e-08,0.0005251826380774581,3.735335014374087e-06,7.956921092635698e-06,4.4737924320271435e-12,0.16666666666666666,0.003571305187984784,1
detache,aniketh,session04,1,1312.1938000023365,0.0003162301015795479,0.0002669810649010521,0.000930523365028031,4.7664749642397695e-08,0.0006144865230552843,7.019660077942645e-06,2.2172818863824428e-05,4.944633106474234e-11,0.23809523809523808,0.0069570622347500536,-1
detache,aniketh,session04,1,1073.185399979353,0.0003674258772657336,0.00032411624765957996,0.0008919479483740778,5.1775771317199806e-08,0.0007605103641863019,4.57232741366075e-06,2.002675811929375e-05,2.854158398073893e-11,0.1875,0.006246239913517471,1
detache,aniketh,session04,1,1343.8859000056982,0.0003361350417440388,0.0002863526521335689,0.0011876779976855417,5.807633890112678e-08,0.00048090504947535844,5.919157680513474e-06,2.711206100722529e-05,4.801352054272872e-11,0.2857142857142857,0.007394970918368853,-1
detache,aniketh,session04,1,1039.7406000047922,0.0003497914802929615,0.00036389343946314264,0.0008172834835726193,3.388184887548143e-08,0.000654758417425048,3.955277353533206e-06,1.0439910385096562e-05,1.0199861701239858e-11,0.23529411764705882,0.006296246645273307,1
detache,aniketh,session04,1,1119.0249000042677,0.000345565553855842,0.00034884543826048186,0.0009755376775232788,5.3218126551818765e-08,0.0005583743534981192,8.046300565951023e-06,2.4055768108969098e-05,5.0858069724222026e-11,0.2,0.007256876630972682,-1
